{
  "provider": "ollama",
  "model": "gemma4:e4b",
  "questions": 10,
  "baseline": {
    "context_recall": 0.8,
    "context_precision": 0.6416666666074999,
    "faithfulness": 0.9821428571428572,
    "answer_relevancy": 0.27434942417455666
  },
  "final": {
    "context_recall": 0.8333333333333334,
    "context_precision": 0.6999999999529166,
    "faithfulness": NaN,
    "answer_relevancy": 0.19948087171712997
  }
}