{
  "provider": "ollama",
  "model": "gemma3:4b",
  "questions": 10,
  "baseline": {
    "context_recall": 0.6,
    "context_precision": 0.7638888888456481,
    "faithfulness": 0.95,
    "answer_relevancy": 0.27852164269385277
  },
  "final": {
    "context_recall": 0.84375,
    "context_precision": 0.9333333332922221,
    "faithfulness": 0.9739583333333334,
    "answer_relevancy": 0.17580885205442556
  }
}